PassengerId,Survived,Pclass,Name,Sex,Age,SibSp,Parch,Ticket,Fare,Cabin,Embarked
1,0,3,São Paulo,male,22,1,0,A/5 21171,7.25,,S
2,1,1,Rio de Janeiro,female,38,1,0,PC 17599,712.833,C85,C
3,1,3,Salvador,female,26,0,0,STON/O2. 3101282,7.925,,S
4,1,1,Brasília,female,35,1,0,113803,53.1,C123,S
5,0,3,Fortaleza,male,35,0,0,373450,8.05,,S
6,0,3,Belo Horizonte,male,,0,0,330877,84.583,,Q
7,0,1,Manaus,male,54,0,0,17463,518.625,E46,S
8,0,3,Curitiba,male,2,3,1,349909,21.075,,S
9,1,3,Recife,female,27,0,2,347742,111.333,,S
10,1,2,Porto Alegre,female,14,1,0,237736,300.708,,C
11,1,3,Belém,female,4,1,1,PP 9549,16.7,G6,S
12,1,1,Goiânia,female,58,0,0,113783,26.55,C103,S
13,0,3,Guarulhos,male,20,0,0,A/5. 2151,8.05,,S
14,0,3,Campinas,male,39,1,5,347082,31.275,,S
15,0,3,São Luís,female,14,0,0,350406,78.542,,S
16,1,2,São Gonçalo,female,55,0,0,248706,16,,S
17,0,3,Maceió,male,2,4,1,382652,29.125,,Q
18,1,2,Duque de Caxias,male,,0,0,244373,13,,S
19,0,3,Teresina,female,31,1,0,345763,18,,S
20,1,3,Natal,female,,0,0,2649,7.225,,C
21,0,2,Nova Iguaçu,male,35,0,0,239865,26,,S
22,1,2,Campo Grande,male,34,0,0,248698,13,D56,S
23,1,3,São Bernardo do Campo,female,15,0,0,330923,80.292,,Q
24,1,1,João Pessoa,male,28,0,0,113788,35.5,A6,S
25,0,3,Santo André,female,8,3,1,349909,21.075,,S
26,1,3,Osasco,female,38,1,5,347077,313.875,,S
27,0,3,Jaboatão Dos Guararapes,male,,0,0,2631,7.225,,C
28,0,1,São José Dos Campos,male,19,3,2,19950,263,C23 C25 C27,S
29,1,3,Ribeirão Preto,female,,0,0,330959,78.792,,Q
30,0,3,Uberlândia,male,,0,0,349216,78.958,,S
31,0,1,Contagem,male,40,0,0,PC 17601,277.208,,C
32,1,1,Sorocaba,female,,1,0,PC 17569,1.465.208,B78,C
33,1,3,Aracaju,female,,0,0,335677,7.75,,Q
34,0,2,Feira de Santana,male,66,0,0,C.A. 24579,10.5,,S
35,0,1,Cuiabá,male,28,1,0,PC 17604,821.708,,C
36,0,1,Juiz de Fora,male,42,1,0,113789,52,,S
37,1,3,Joinville,male,,0,0,2677,72.292,,C
38,0,3,Londrina,male,21,0,0,A./5. 2152,8.05,,S
39,0,3,Niterói,female,18,2,0,345764,18,,S
40,1,3,Ananindeua,female,14,1,0,2651,112.417,,C
41,0,3,Belford Roxo,female,40,1,0,7546,9.475,,S
42,0,2,Campos Dos Goytacazes,female,27,1,0,11668,21,,S
43,0,3,São João de Meriti,male,,0,0,349253,78.958,,C
44,1,2,Aparecida de Goiânia,female,3,1,2,SC/Paris 2123,415.792,,C
45,1,3,Caxias do Sul,female,19,0,0,330958,78.792,,Q
46,0,3,Porto Velho,male,,0,0,S.C./A.4. 23567,8.05,,S
47,0,3,Florianópolis,male,,1,0,370371,15.5,,Q
48,1,3,Santos,female,,0,0,14311,7.75,,Q
49,0,3,Mauá,male,,2,0,2662,216.792,,C
50,0,3,Vila Velha,female,18,1,0,349237,17.8,,S
51,0,3,Serra,male,7,4,1,3101295,396.875,,S
52,0,3,São José do Rio Preto,male,21,0,0,A/4. 39886,7.8,,S
53,1,1,Macapá,female,49,1,0,PC 17572,767.292,D33,C
54,1,2,Moji Das Cruzes,female,29,1,0,2926,26,,S
55,0,1,Diadema,male,65,0,1,113509,619.792,B30,C
56,1,1,Campina Grande,male,,0,0,19947,35.5,C52,S
57,1,2,Betim,female,21,0,0,C.A. 31026,10.5,,S
58,0,3,Olinda,male,28.5,0,0,2697,72.292,,C
59,1,2,Jundiaí,female,5,1,2,C.A. 34651,27.75,,S
60,0,3,Carapicuíba,male,11,5,2,CA 2144,46.9,,S
61,0,3,Piracicaba,male,22,0,0,2669,72.292,,C
62,1,1,Montes Claros,female,38,0,0,113572,80,B28,
63,0,1,Maringá,male,45,1,0,36973,83.475,C83,S
64,0,3,Cariacica,male,4,3,2,347088,27.9,,S
65,0,1,Bauru,male,,0,0,PC 17605,277.208,,C
66,1,3,Rio Branco,male,,1,1,2661,152.458,,C
67,1,2,Anápolis,female,29,0,0,C.A. 29395,10.5,F33,S
68,0,3,São Vicente,male,19,0,0,S.P. 3464,81.583,,S
69,1,3,Pelotas,female,17,4,2,3101281,7.925,,S
70,0,3,Vitória,male,26,2,0,315151,86.625,,S
71,0,2,Caucaia,male,32,0,0,C.A. 33111,10.5,,S
72,0,3,Canoas,female,16,5,2,CA 2144,46.9,,S
73,0,2,Itaquaquecetuba,male,21,0,0,S.O.C. 14879,73.5,,S
74,0,3,Franca,male,26,1,0,2680,144.542,,C
75,1,3,Caruaru,male,32,0,0,1601,564.958,,S
76,0,3,Ponta Grossa,male,25,0,0,348123,7.65,F G73,S
77,0,3,Blumenau,male,,0,0,349208,78.958,,S
78,0,3,Vitória da Conquista,male,,0,0,374746,8.05,,S
79,1,2,Paulista,male,0.83,0,2,248738,29,,S
80,1,3,Ribeirão Das Neves,female,30,0,0,364516,12.475,,S
81,0,3,Uberaba,male,22,0,0,345767,9,,S
82,1,3,Petrópolis,male,29,0,0,345779,9.5,,S
83,1,3,Santarém,female,,0,0,330932,77.875,,Q
84,0,1,Petrolina,male,28,0,0,113059,47.1,,S
85,1,2,Guarujá,female,17,0,0,SO/C 14885,10.5,,S
86,1,3,Cascavel,female,33,3,0,3101278,15.85,,S
87,0,3,Boa Vista,male,16,1,3,W./C. 6608,34.375,,S
88,0,3,Taubaté,male,,0,0,SOTON/OQ 392086,8.05,,S
89,1,1,Limeira,female,23,3,2,19950,263,C23 C25 C27,S
90,0,3,São José Dos Pinhais,male,24,0,0,343275,8.05,,S
91,0,3,Governador Valadares,male,29,0,0,343276,8.05,,S
92,0,3,Suzano,male,20,0,0,347466,78.542,,S
93,0,1,Praia Grande,male,46,1,0,W.E.P. 5734,61.175,E31,S
94,0,3,Santa Maria,male,26,1,2,C.A. 2315,20.575,,S
95,0,3,Mossoró,male,59,0,0,364500,7.25,,S
96,0,3,Volta Redonda,male,,0,0,374910,8.05,,S
97,0,1,Foz do Iguaçu,male,71,0,0,PC 17754,346.542,A5,C
98,1,1,Gravataí,male,23,0,1,PC 17759,633.583,D10 D12,C
99,1,2,Várzea Grande,female,34,0,1,231919,23,,S
100,0,2,Juazeiro do Norte,male,34,1,0,244367,26,,S
101,0,3,Imperatriz,female,28,0,0,349245,78.958,,S
102,0,3,Taboão da Serra,male,,0,0,349215,78.958,,S
103,0,1,Camaçari,male,21,0,1,35281,772.875,D26,S
104,0,3,Sumaré,male,33,0,0,7540,86.542,,S
105,0,3,Barueri,male,37,2,0,3101276,7.925,,S
106,0,3,Embu,male,28,0,0,349207,78.958,,S
107,1,3,Ipatinga,female,21,0,0,343120,7.65,,S
108,1,3,Viamão,male,,0,0,312991,7.775,,S
109,0,3,Novo Hamburgo,male,38,0,0,349249,78.958,,S
110,1,3,Marabá,female,,1,0,371110,24.15,,Q
111,0,1,Palmas,male,47,0,0,110465,52,C110,S
112,0,3,Magé,female,14.5,1,0,2665,144.542,,C
113,0,3,São Carlos,male,22,0,0,324669,8.05,,S
114,0,3,Itaboraí,female,20,1,0,4136,9.825,,S
115,0,3,Marília,female,17,0,0,2627,144.583,,C
116,0,3,Sete Lagoas,male,21,0,0,STON/O 2. 3101294,7.925,,S
117,0,3,São Leopoldo,male,70.5,0,0,370369,7.75,,Q
118,0,2,Arapiraca,male,29,1,0,11668,21,,S
119,0,1,Divinópolis,male,24,0,1,PC 17558,2.475.208,B58 B60,C
120,0,3,Colombo,female,2,4,2,347082,31.275,,S
121,0,2,Jacareí,male,21,2,0,S.O.C. 14879,73.5,,S
122,0,3,Americana,male,,0,0,A4. 54510,8.05,,S
123,0,2,São José,male,32.5,1,0,237736,300.708,,C
124,1,2,Maracanaú,female,32.5,0,0,27267,13,E101,S
125,0,1,Araraquara,male,54,0,1,35281,772.875,D26,S
126,1,3,Presidente Prudente,male,12,1,0,2651,112.417,,C
127,0,3,Macaé,male,,0,0,370372,7.75,,Q
128,1,3,Itabuna,male,24,0,0,C 17369,71.417,,S
129,1,3,Santa Luzia,female,,1,1,2668,223.583,F E69,C
130,0,3,Parnamirim,male,45,0,0,347061,6.975,,S
131,0,3,Indaiatuba,male,33,0,0,349241,78.958,,C
132,0,3,Cotia,male,20,0,0,SOTON/O.Q. 3101307,7.05,,S
133,0,3,Itapevi,female,47,1,0,A/5. 3337,14.5,,S
134,1,2,Juazeiro,female,29,1,0,228414,26,,S
135,0,2,Rio Grande,male,25,0,0,C.A. 29178,13,,S
136,0,2,Dourados,male,23,0,0,SC/PARIS 2133,150.458,,C
137,1,1,Alvorada,female,19,0,2,11752,262.833,D47,S
138,0,1,Rondonópolis,male,37,1,0,113803,53.1,C123,S
139,0,3,Hortolândia,male,16,0,0,7534,92.167,,S
140,0,1,Criciúma,male,24,0,0,PC 17593,79.2,B86,C
141,0,3,Cachoeiro de Itapemirim,female,,0,2,2678,152.458,,C
142,1,3,Sobral,female,22,0,0,347081,7.75,,S
143,1,3,Rio Claro,female,24,1,0,STON/O2. 3101279,15.85,,S
144,0,3,Cabo Frio,male,19,0,0,365222,6.75,,Q
145,0,2,Cabo de Santo Agostinho,male,18,0,0,231945,11.5,,S
146,0,2,Passo Fundo,male,19,1,1,C.A. 33112,36.75,,S
147,1,3,Ilhéus,male,27,0,0,350043,77.958,,S
148,0,3,Chapecó,female,9,2,2,W./C. 6608,34.375,,S
149,0,2,Itajaí,male,36.5,0,2,230080,26,F2,S
150,0,2,Nova Friburgo,male,42,0,0,244310,13,,S
151,0,2,Araçatuba,male,51,0,0,S.O.P. 1166,12.525,,S
152,1,1,Santa Bárbara D'oeste,female,22,1,0,113776,66.6,C2,S
153,0,3,Barra Mansa,male,55.5,0,0,A.5. 11206,8.05,,S
154,0,3,Rio Verde,male,40.5,0,2,A/5. 851,14.5,,S
155,0,3,Luziânia,male,,0,0,Fa 265302,73.125,,S
156,0,1,Castanhal,male,51,0,1,PC 17597,613.792,,C
157,1,3,Angra Dos Reis,female,16,0,0,35851,77.333,,Q
158,0,3,Mesquita,male,30,0,0,SOTON/OQ 392090,8.05,,S
159,0,3,Ferraz de Vasconcelos,male,,0,0,315037,86.625,,S
160,0,3,Guarapuava,male,,8,2,CA. 2343,69.55,,S
161,0,3,Teresópolis,male,44,0,1,371362,16.1,,S
162,1,2,Lauro de Freitas,female,40,0,0,C.A. 33595,15.75,,S
163,0,3,São José de Ribamar,male,26,0,0,347068,7.775,,S
164,0,3,Nossa Senhora do Socorro,male,17,0,0,315093,86.625,,S
165,0,3,Águas Lindas de Goiás,male,1,4,1,3101295,396.875,,S
166,1,3,Ibirité,male,9,0,2,363291,20.525,,S
167,1,1,Nilópolis,female,,0,1,113505,55,E33,S
168,0,3,Lages,female,45,1,4,347088,27.9,,S
169,0,1,Timon,male,,0,0,PC 17318,25.925,,S
170,0,3,Caxias,male,28,0,0,1601,564.958,,S
171,0,1,Francisco Morato,male,61,0,0,111240,33.5,B19,S
172,0,3,Itu,male,4,4,1,382652,29.125,,Q
173,1,3,Parauapebas,female,1,1,1,347742,111.333,,S
174,0,3,Itapecerica da Serra,male,21,0,0,STON/O 2. 3101280,7.925,,S
175,0,1,Poços de Caldas,male,56,0,0,17764,306.958,A7,C
176,0,3,Jequié,male,18,1,1,350404,78.542,,S
177,0,3,Araguaína,male,,3,1,4133,254.667,,S
178,0,1,São Caetano do Sul,female,50,0,0,PC 17595,287.125,C49,C
179,0,2,Pindamonhangaba,male,30,0,0,250653,13,,S
180,0,3,Bragança Paulista,male,36,0,0,LINE,0,,S
181,0,3,Parnaíba,female,,8,2,CA. 2343,69.55,,S
182,0,2,Camaragibe,male,,0,0,SC/PARIS 2131,15.05,,C
183,0,3,Itapetininga,male,9,4,2,347077,313.875,,S
184,1,2,Jaraguá do Sul,male,1,2,1,230136,39,F4,S
185,1,3,Alagoinhas,female,4,0,2,315153,22.025,,S
186,0,1,Linhares,male,,0,0,113767,50,A32,S
187,1,3,Abaetetuba,female,,1,0,370365,15.5,,Q
188,1,1,Paranaguá,male,45,0,0,111428,26.55,,S
189,0,3,Patos de Minas,male,40,1,1,364849,15.5,,Q
190,0,3,Teixeira de Freitas,male,36,0,0,349247,78.958,,S
191,1,2,Queimados,female,32,0,0,234604,13,,S
192,0,2,Barreiras,male,19,0,0,28424,13,,S
193,1,3,Palhoça,female,19,1,0,350046,78.542,,S
194,1,2,Mogi Guaçu,male,3,1,1,230080,26,F2,S
195,1,1,Teófilo Otoni,female,44,0,0,PC 17610,277.208,B4,C
196,1,1,Valparaíso de Goiás,female,58,0,0,PC 17569,1.465.208,B80,C
197,0,3,Franco da Rocha,male,,0,0,368703,7.75,,Q
198,0,3,Jaú,male,42,0,1,4579,84.042,,S
199,1,3,Sapucaia do Sul,female,,0,0,370370,7.75,,Q
200,0,2,Pouso Alegre,female,24,0,0,248747,13,,S
201,0,3,Vitória de Santo Antão,male,28,0,0,345770,9.5,,S
202,0,3,Garanhuns,male,,8,2,CA. 2343,69.55,,S
203,0,3,Maricá,male,34,0,0,3101264,64.958,,S
204,0,3,Botucatu,male,45.5,0,0,2628,7.225,,C
205,1,3,Porto Seguro,male,18,0,0,A/5 3540,8.05,,S
206,0,3,Atibaia,female,2,0,1,347054,104.625,G6,S
207,0,3,Barbacena,male,32,1,0,3101278,15.85,,S
208,1,3,Sabará,male,26,0,0,2699,187.875,,C
209,1,3,Uruguaiana,female,16,0,0,367231,7.75,,Q
210,1,1,Varginha,male,40,0,0,112277,31,A31,C
211,0,3,Crato,male,24,0,0,SOTON/O.Q. 3101311,7.05,,S
212,1,2,Apucarana,female,35,0,0,F.C.C. 13528,21,,S
213,0,3,Cametá,male,22,0,0,A/5 21174,7.25,,S
214,0,2,Santa Rita,male,30,0,0,250646,13,,S
215,0,3,Resende,male,,1,0,367229,7.75,,Q
216,1,1,Toledo,female,31,1,0,35273,113.275,D36,C
217,1,3,Araucária,female,27,0,0,STON/O2. 3101283,7.925,,S
218,0,2,Araras,male,42,1,0,243847,27,,S
219,1,1,Cubatão,female,32,0,0,11813,762.917,D15,C
220,0,2,Santa Cruz do Sul,male,30,0,0,W/C 14208,10.5,,S
221,1,3,Cachoeirinha,male,16,0,0,SOTON/OQ 392089,8.05,,S
222,0,2,Simões Filho,male,27,0,0,220367,13,,S
223,0,3,Codó,male,51,0,0,21440,8.05,,S
224,0,3,Pinhais,male,,0,0,349234,78.958,,S
225,1,1,Bagé,male,38,1,0,19943,90,C93,S
226,0,3,Ji-paraná,male,22,0,0,PP 4348,9.35,,S
227,1,2,Conselheiro Lafaiete,male,19,0,0,SW/PP 751,10.5,,S
228,0,3,Itapipoca,male,20.5,0,0,A/5 21173,7.25,,S
229,0,2,Maranguape,male,18,0,0,236171,13,,S
230,0,3,Bragança,female,,3,1,4133,254.667,,S
231,1,1,Sinop,female,35,1,0,36973,83.475,C83,S
232,0,3,Ribeirão Pires,male,29,0,0,347067,7.775,,S
233,0,2,Catanduva,male,59,0,0,237442,13.5,,S
234,1,3,Campo Largo,female,5,4,2,347077,313.875,,S
235,0,2,Barretos,male,24,0,0,C.A. 29566,10.5,,S
236,0,3,Guaratinguetá,female,,0,0,W./C. 6609,7.55,,S
237,0,2,Araruama,male,44,1,0,26707,26,,S
238,1,2,Colatina,female,8,0,2,C.A. 31921,26.25,,S
239,0,2,Sertãozinho,male,19,0,0,28665,10.5,,S
240,0,2,Araguari,male,33,0,0,SCO/W 1585,12.275,,S
241,0,3,Itabira,female,,1,0,2665,144.542,,C
242,1,3,Itaguaí,female,,1,0,367230,15.5,,Q
243,0,2,São Mateus,male,29,0,0,W./C. 14263,10.5,,S
244,0,3,Santana de Parnaíba,male,22,0,0,STON/O 2. 3101275,7.125,,S
245,0,3,Votorantim,male,30,0,0,2694,7.225,,C
246,0,1,Birigui,male,44,2,0,19928,90,C78,Q
247,0,3,Paulo Afonso,female,25,0,0,347071,7.775,,S
248,1,2,Jandira,female,24,0,2,250649,14.5,,S
249,1,1,Marituba,male,37,1,1,11751,525.542,D35,S
250,0,2,Balneário Camboriú,male,54,1,0,244252,26,,S
251,0,3,Tatuí,male,,0,0,362316,7.25,,S
252,0,3,Bento Gonçalves,female,29,1,1,347054,104.625,G6,S
253,0,1,Várzea Paulista,male,62,0,0,113514,26.55,C87,S
254,0,3,Valinhos,male,30,1,0,A/5. 3336,16.1,,S
255,0,3,Passos,female,41,0,2,370129,202.125,,S
256,1,3,Poá,female,29,0,2,2650,152.458,,C
257,1,1,Rio Das Ostras,female,,0,0,PC 17585,79.2,,C
258,1,1,Salto,female,30,0,0,110152,86.5,B77,S
259,1,1,Brusque,female,35,0,0,PC 17755,5.123.292,,C
260,1,2,Guarapari,female,50,0,1,230433,26,,S
261,0,3,Paço do Lumiar,male,,0,0,384461,7.75,,Q
262,1,3,Vespasiano,male,3,4,2,347077,313.875,,S
263,0,1,Trindade,male,52,1,1,110413,79.65,E67,S
264,0,1,Arapongas,male,40,0,0,112059,0,B94,S
265,0,3,Açailândia,female,,0,0,382649,7.75,,Q
266,0,2,Corumbá,male,36,0,0,C.A. 17248,10.5,,S
267,0,3,Coronel Fabriciano,male,16,4,1,3101295,396.875,,S
268,1,3,Almirante Tamandaré,male,25,1,0,347083,7.775,,S
269,1,1,Ourinhos,female,58,0,1,PC 17582,1.534.625,C125,S
270,1,1,São Lourenço da Mata,female,35,0,0,PC 17760,1.356.333,C99,S
271,0,1,Parintins,male,,0,0,113798,31,,S
272,1,3,Igarassu,male,25,0,0,LINE,0,,S
273,1,2,Três Lagoas,female,41,0,1,250644,19.5,,S
274,0,1,Ubá,male,37,0,1,PC 17596,29.7,C118,C
275,1,3,Itatiba,female,,0,0,370375,7.75,,Q
276,1,1,Santana,female,63,1,0,13502,779.583,D7,S
277,0,3,Caraguatatuba,female,45,0,0,347073,7.75,,S
278,0,2,Muriaé,male,,0,0,239853,0,,S
279,0,3,Umuarama,male,7,4,1,382652,29.125,,Q
280,1,3,Patos,female,35,1,1,C.A. 2673,20.25,,S
281,0,3,Eunápolis,male,65,0,0,336439,7.75,,Q
282,0,3,Formosa,male,28,0,0,347464,78.542,,S
283,0,3,Bacabal,male,16,0,0,345778,9.5,,S
284,1,3,Barcarena,male,19,0,0,A/5. 10482,8.05,,S
285,0,1,Bayeux,male,,0,0,113056,26,A19,S
286,0,3,Altamira,male,33,0,0,349239,86.625,,C
287,1,3,Paragominas,male,30,0,0,345774,9.5,,S
288,0,3,Itaituba,male,22,0,0,349206,78.958,,S
289,1,2,Tubarão,male,42,0,0,237798,13,,S
290,1,3,Ituiutaba,female,22,0,0,370373,7.75,,Q
291,1,1,Tucuruí,female,26,0,0,19877,78.85,,S
292,1,1,Cambé,female,19,1,0,11967,910.792,B49,C
293,0,2,Iguatu,male,36,0,0,SC/Paris 2163,12.875,D,C
294,0,3,Erechim,female,24,0,0,349236,8.85,,S
295,0,3,Itaperuna,male,24,0,0,349233,78.958,,S
296,0,1,Japeri,male,,0,0,PC 17612,277.208,,C
297,0,3,Guaíba,male,23.5,0,0,2693,72.292,,C
298,0,1,Assis,female,2,1,2,113781,151.55,C22 C26,S
299,1,1,Novo Gama,male,,0,0,19988,30.5,C106,S
300,1,1,Lagarto,female,50,0,1,PC 17558,2.475.208,B58 B60,C
301,1,3,Barra do Piraí,female,,0,0,9234,7.75,,Q
302,1,3,Abreu e Lima,male,,2,0,367226,23.25,,Q
303,0,3,Araxá,male,19,0,0,LINE,0,,S
304,1,2,Piraquara,female,,0,0,226593,12.35,E101,Q
305,0,3,Itumbiara,male,,0,0,A/5 2466,8.05,,S
306,1,1,Breves,male,0.92,1,2,113781,151.55,C22 C26,S
307,1,1,Lavras,female,,0,0,17421,1.108.833,,C
308,1,1,Leme,female,17,1,0,PC 17758,108.9,C65,C
309,0,2,São Félix do Xingu,male,30,1,0,P/PP 3381,24,,C
310,1,1,Santo Antônio de Jesus,female,30,0,0,PC 17485,569.292,E36,C
311,1,1,Itajubá,female,24,0,0,11767,831.583,C54,C
312,1,1,Ariquemes,female,18,2,2,PC 17608,262.375,B57 B59 B63 B66,C
313,0,2,Valença,female,26,1,1,250651,26,,S
314,0,3,Jataí,male,28,0,0,349243,78.958,,S
315,0,2,Cáceres,male,43,1,1,F.C.C. 13529,26.25,,S
316,1,3,São Pedro da Aldeia,female,26,0,0,347470,78.542,,S
317,1,2,Itapeva,female,24,1,0,244367,26,,S
318,0,2,São Gonçalo do Amarante,male,54,0,0,29011,14,,S
319,1,1,Santa Cruz do Capibaribe,female,31,0,2,36928,1.648.667,C7,S
320,1,1,Campo Mourão,female,40,1,1,16966,134.5,E34,C
321,0,3,Itanhaém,male,22,0,0,A/5 21172,7.25,,S
322,0,3,Itabaiana,male,27,0,0,349219,78.958,,S
323,1,2,Itacoatiara,female,30,0,0,234818,12.35,,Q
324,1,2,Catalão,female,22,1,1,248738,29,,S
325,0,3,Caieiras,male,,8,2,CA. 2343,69.55,,S
326,1,1,Moji-mirim,female,36,0,0,PC 17760,1.356.333,C32,C
327,0,3,Itaúna,male,61,0,0,345364,62.375,,S
328,1,2,Caratinga,female,36,0,0,28551,13,D,S
329,1,3,Manacapuru,female,31,1,1,363291,20.525,,S
330,1,1,Caçapava,female,16,0,1,111361,579.792,B18,C
331,1,3,Paracatu,female,,2,0,367226,23.25,,Q
332,0,1,Votuporanga,male,45.5,0,0,113043,28.5,C124,S
333,0,1,São João Del Rei,male,38,0,1,PC 17582,1.534.625,C91,S
334,0,3,Senador Canedo,male,16,2,0,345764,18,,S
335,1,1,Pará de Minas,female,,1,0,PC 17611,133.65,,S
336,0,3,Cachoeira do Sul,male,,0,0,349225,78.958,,S
337,0,1,São João da Boa Vista,male,29,1,0,113776,66.6,C2,S
338,1,1,Balsas,female,41,0,0,16966,134.5,E40,C
339,1,3,Tangará da Serra,male,45,0,0,7598,8.05,,S
340,0,1,Candeias,male,45,0,0,113784,35.5,T,S
341,1,2,Avaré,male,2,1,1,230080,26,F2,S
342,1,1,Sarandi,female,24,3,2,19950,263,C23 C25 C27,S
343,0,2,Barra do Corda,male,28,0,0,248740,13,,S
344,0,2,Lorena,male,25,0,0,244361,13,,S
345,0,2,Patrocínio,male,36,0,0,229236,13,,S
346,1,2,Santana do Livramento,female,24,0,0,248733,13,F33,S
347,1,2,Paulínia,female,40,0,0,31418,13,,S
348,1,3,Aracruz,female,,1,0,386525,16.1,,S
349,1,3,Fazenda Rio Grande,male,3,1,1,C.A. 37671,15.9,,S
350,0,3,Planaltina,male,42,0,0,315088,86.625,,S
351,0,3,Paranavaí,male,23,0,0,7267,9.225,,S
352,0,1,Timóteo,male,,0,0,113510,35,C128,S
353,0,3,Nova Lima,male,15,1,1,2695,72.292,,C
354,0,3,Mairiporã,male,25,1,0,349237,17.8,,S
355,0,3,Esteio,male,,0,0,2647,7.225,,C
356,0,3,Ipojuca,male,28,0,0,345783,9.5,,S
357,1,1,Quixadá,female,22,0,1,113505,55,E33,S
358,0,2,Manhuaçu,female,38,0,0,237671,13,,S
359,1,3,Tailândia,female,,0,0,330931,78.792,,Q
360,1,3,Jacobina,female,,0,0,330980,78.792,,Q
361,0,3,Serra Talhada,male,40,1,4,347088,27.9,,S
362,0,2,Francisco Beltrão,male,29,1,0,SC/PARIS 2167,277.208,,C
363,0,3,Ijuí,female,45,0,1,2691,144.542,,C
364,0,3,São Cristóvão,male,35,0,0,SOTON/O.Q. 3101310,7.05,,S
365,0,3,Guanambi,male,,1,0,370365,15.5,,Q
366,0,3,São Roque,male,30,0,0,C 7076,7.25,,S
367,1,1,Ubatuba,female,60,1,0,110813,75.25,D37,C
368,1,3,Cacoal,female,,0,0,2626,72.292,,C
369,1,3,Cruzeiro do Sul,female,,0,0,14313,7.75,,Q
370,1,1,Seropédica,female,24,0,0,PC 17477,69.3,B35,C
371,1,1,Pinheiro,male,25,1,0,11765,554.417,E50,C
372,0,3,Ponta Porã,male,18,1,0,3101267,64.958,,S
373,0,3,Alegrete,male,19,0,0,323951,8.05,,S
374,0,1,Unaí,male,22,0,0,PC 17760,1.356.333,,C
375,0,3,Três Rios,female,3,3,1,349909,21.075,,S
376,1,1,Araripina,female,,1,0,PC 17604,821.708,,C
377,1,3,Santa Inês,female,22,0,0,C 7077,7.25,,S
378,0,1,Cruzeiro,male,27,0,2,113503,211.5,C82,C
379,0,3,Matão,male,20,0,0,2648,40.125,,C
380,0,3,Serrinha,male,19,0,0,347069,7.775,,S
381,1,1,Gurupi,female,42,0,0,PC 17757,227.525,,C
382,1,3,Gravatá,female,1,0,2,2653,157.417,,C
383,0,3,Santo Ângelo,male,32,0,0,STON/O 2. 3101293,7.925,,S
384,1,1,Vilhena,female,35,1,0,113789,52,,S
385,0,3,Coari,male,,0,0,349227,78.958,,S
386,0,2,Goiana,male,18,0,0,S.O.C. 14879,73.5,,S
387,0,3,Redenção,male,1,5,2,CA 2144,46.9,,S
388,1,2,Bebedouro,female,36,0,0,27849,13,,S
389,0,3,Sapiranga,male,,0,0,367655,77.292,,Q
390,1,2,Arujá,female,17,0,0,SC 1748,12,,C
391,1,1,Carpina,male,36,1,2,113760,120,B96 B98,S
392,1,3,São Bento do Sul,male,21,0,0,350034,77.958,,S
393,0,3,Canindé,male,28,2,0,3101277,7.925,,S
394,1,1,Senhor do Bonfim,female,23,1,0,35273,113.275,D36,C
395,1,3,Saquarema,female,24,0,2,PP 9549,16.7,G6,S
396,0,3,Curvelo,male,22,0,0,350052,77.958,,S
397,0,3,Campo Limpo Paulista,female,31,0,0,350407,78.542,,S
398,0,2,Santa Luzia,male,46,0,0,28403,26,,S
399,0,2,São Sebastião,male,23,0,0,244278,10.5,,S
400,1,2,Alfenas,female,28,0,0,240929,12.65,,S
401,1,3,Nova Serrana,male,39,0,0,STON/O 2. 3101289,7.925,,S
402,0,3,João Monlevade,male,26,0,0,341826,8.05,,S
403,0,3,Picos,female,21,1,0,4137,9.825,,S
404,0,3,Chapadinha,male,28,1,0,STON/O2. 3101279,15.85,,S
405,0,3,Crateús,female,20,0,0,315096,86.625,,S
406,0,2,Três Corações,male,34,1,0,28664,21,,S
407,0,3,Aquiraz,male,51,0,0,347064,7.75,,S
408,1,2,Belo Jardim,male,3,1,1,29106,18.75,,S
409,0,3,Pato Branco,male,21,0,0,312992,7.775,,S
410,0,3,Pacatuba,female,,3,1,4133,254.667,,S
411,0,3,Viçosa,male,,0,0,349222,78.958,,S
412,0,3,Quixeramobim,male,,0,0,394140,68.583,,Q
413,1,1,Valença,female,33,1,0,19928,90,C78,Q
414,0,2,Jaboticabal,male,,0,0,239853,0,,S
415,1,3,Lajeado,male,44,0,0,STON/O 2. 3101269,7.925,,S
416,0,3,Lins,female,,0,0,343095,8.05,,S
417,1,2,Ibiúna,female,34,1,1,28220,32.5,,S
418,1,2,Caçador,female,18,0,2,250652,13,,S
419,0,2,Caldas Novas,male,30,0,0,28228,13,,S
420,0,3,Palmeira Dos Índios,female,10,0,2,345773,24.15,,S
421,0,3,Ouro Preto,male,,0,0,349254,78.958,,C
422,0,3,Pirassununga,male,21,0,0,A/5. 13032,77.333,,Q
423,0,3,Moju,male,29,0,0,315082,7.875,,S
424,0,3,Cianorte,female,28,1,1,347080,14.4,,S
425,0,3,Telêmaco Borba,male,18,1,1,370129,202.125,,S
426,0,3,Russas,male,,0,0,A/4. 34244,7.25,,S
427,1,2,Cataguases,female,28,1,0,2003,26,,S
428,1,2,Macaíba,female,19,0,0,250655,26,,S
429,0,3,Aracati,male,,0,0,364851,7.75,,Q
430,1,3,Tianguá,male,32,0,0,SOTON/O.Q. 392078,8.05,E10,S
431,1,1,Arcoverde,male,28,0,0,110564,26.55,C52,S
432,1,3,Concórdia,female,,1,0,376564,16.1,,S
433,1,2,Santa Rosa,female,42,1,0,SC/AH 3085,26,,S
434,0,3,Itapira,male,17,0,0,STON/O 2. 3101274,7.125,,S
435,0,1,Rio Largo,male,50,1,0,13507,55.9,E44,S
436,1,1,Itapetinga,female,14,1,2,113760,120,B96 B98,S
437,0,3,Ceará-mirim,female,21,2,2,W./C. 6608,34.375,,S
438,1,2,Castro,female,24,2,3,29106,18.75,,S
439,0,1,Janaúba,male,64,1,4,19950,263,C23 C25 C27,S
440,0,2,Campo Formoso,male,31,0,0,C.A. 18723,10.5,,S
441,1,2,Sorriso,female,45,1,1,F.C.C. 13529,26.25,,S
442,0,3,Dias D'ávila,male,20,0,0,345769,9.5,,S
443,0,3,Mococa,male,25,1,0,347076,7.775,,S
444,1,2,Irecê,female,28,0,0,230434,13,,S
445,1,3,Cascavel,male,,0,0,65306,81.125,,S
446,1,1,Venâncio Aires,male,4,0,2,33638,818.583,A34,S
447,1,2,Amparo,female,13,0,1,250644,19.5,,S
448,1,1,Sousa,male,34,0,0,113794,26.55,,S
449,1,3,Januária,female,5,2,1,2666,192.583,,C
450,1,1,Icó,male,52,0,0,113786,30.5,C104,S
451,0,2,Buriticupu,male,36,1,2,C.A. 34651,27.75,,S
452,0,3,Formiga,male,,1,0,65303,199.667,,S
453,0,1,Viana,male,30,0,0,113051,27.75,C111,C
454,1,1,São Sebastião do Paraíso,male,49,1,0,17453,891.042,C92,C
455,0,3,Casa Nova,male,,0,0,A/5 2817,8.05,,S
456,1,3,Fernandópolis,male,29,0,0,349240,78.958,,C
457,0,1,Brumado,male,65,0,0,13509,26.55,E38,S
458,1,1,Estância,female,,1,0,17464,518.625,D21,S
459,1,2,Ouricuri,female,50,0,0,F.C.C. 13531,10.5,,S
460,0,3,Cajamar,male,,0,0,371060,7.75,,Q
461,1,1,Capanema,male,48,0,0,19952,26.55,E12,S
462,0,3,Farroupilha,male,34,0,0,364506,8.05,,S
463,0,1,Vinhedo,male,47,0,0,111320,38.5,E63,S
464,0,2,Escada,male,48,0,0,234360,13,,S
465,0,3,Bom Jesus da Lapa,male,,0,0,A/S 2816,8.05,,S
466,0,3,Tupã,male,38,0,0,SOTON/O.Q. 3101306,7.05,,S
467,0,2,Santo Antônio do Descoberto,male,,0,0,239853,0,,S
468,0,1,Itamaraju,male,56,0,0,113792,26.55,,S
469,0,3,Pesqueira,male,,0,0,36209,7.725,,Q
470,1,3,Cruz Alta,female,0.75,2,1,2666,192.583,,C
471,0,3,Oriximiná,male,,0,0,323592,7.25,,S
472,0,3,Embu-guaçu,male,38,0,0,315089,86.625,,S
473,1,2,Camaquã,female,33,1,2,C.A. 34651,27.75,,S
474,1,2,Caicó,female,23,0,0,SC/AH Basle 541,137.917,D,C
475,0,3,Camboriú,female,22,0,0,7553,98.375,,S
476,0,1,União Dos Palmares,male,,0,0,110465,52,A14,S
477,0,2,Itapecuru Mirim,male,34,1,0,31027,21,,S
478,0,3,Grajaú,male,29,1,0,3460,70.458,,S
479,0,3,Morada Nova,male,22,0,0,350060,75.208,,S
480,1,3,Novo Repartimento,female,2,0,1,3101298,122.875,,S
481,0,3,Conceição do Coité,male,9,5,2,CA 2144,46.9,,S
482,0,2,Pacajus,male,,0,0,239854,0,,S
483,0,3,Piripiri,male,50,0,0,A/5 3594,8.05,,S
484,1,3,Coroatá,female,63,0,0,4134,95.875,,S
485,1,1,São Borja,male,25,1,0,11967,910.792,B49,C
486,0,3,Itaberaba,female,,3,1,4133,254.667,,S
487,1,1,Tefé,female,35,1,0,19943,90,C93,S
488,0,1,Lençóis Paulista,male,58,0,0,11771,29.7,B37,C
489,0,3,Vacaria,male,30,0,0,A.5. 18509,8.05,,S
490,1,3,Araranguá,male,9,1,1,C.A. 37671,15.9,,S
491,0,3,Rio do Sul,male,,1,0,65304,199.667,,S
492,0,3,Navegantes,male,21,0,0,SOTON/OQ 3101317,7.25,,S
493,0,1,São Gabriel,male,55,0,0,113787,30.5,C30,S
494,0,1,Penedo,male,71,0,0,PC 17609,495.042,,C
495,0,3,Esmeraldas,male,21,0,0,A/4 45380,8.05,,S
496,0,3,Camocim,male,,0,0,2627,144.583,,C
497,1,1,Luís Eduardo Magalhães,female,54,1,0,36947,782.667,D20,C
498,0,3,Campo Bom,male,,0,0,C.A. 6212,15.1,,S
499,0,1,Peruíbe,female,25,1,2,113781,151.55,C22 C26,S
500,0,3,Goianésia,male,24,0,0,350035,77.958,,S
501,0,3,Palmares,male,17,0,0,315086,86.625,,S
502,0,3,Santa Isabel do Pará,female,21,0,0,364846,7.75,,Q
503,0,3,Montenegro,female,,0,0,330909,76.292,,Q
504,0,3,Ipirá,female,37,0,0,4135,95.875,,S
505,1,1,Carazinho,female,16,0,0,110152,86.5,B79,S
506,0,1,Içara,male,18,1,0,PC 17758,108.9,C65,C
507,1,2,Cosmópolis,female,33,0,2,26360,26,,S
508,1,1,Pedro Leopoldo,male,,0,0,111427,26.55,,S
509,0,3,Bezerros,male,28,0,0,C 4001,22.525,,S
510,1,3,Cruz Das Almas,male,26,0,0,1601,564.958,,S
511,1,3,Surubim,male,29,0,0,382651,7.75,,Q
512,0,3,Penápolis,male,,0,0,SOTON/OQ 3101316,8.05,,S
513,1,1,Cajazeiras,male,36,0,0,PC 17473,262.875,E25,S
514,1,1,Biguaçu,female,54,1,0,PC 17603,59.4,,C
515,0,3,Igarapé-miri,male,24,0,0,349209,74.958,,S
516,0,1,Gaspar,male,47,0,0,36967,340.208,D46,S
517,1,2,Cabedelo,female,34,0,0,C.A. 34260,10.5,F33,S
518,0,3,Rolândia,male,,0,0,371110,24.15,,Q
519,1,2,Santo Amaro,female,36,1,0,226875,26,,S
520,0,3,Floriano,male,32,0,0,349242,78.958,,S
521,1,1,Acaraú,female,30,0,0,12749,93.5,B73,S
522,0,3,Ponte Nova,male,22,0,0,349252,78.958,,S
523,0,3,Viseu,male,,0,0,2624,7.225,,C
524,1,1,Moreno,female,44,0,1,111361,579.792,B18,C
525,0,3,Salgueiro,male,,0,0,2700,72.292,,C
526,0,3,Barra do Garças,male,40.5,0,0,367232,7.75,,Q
527,1,2,Tomé-açu,female,50,0,0,W./C. 14258,10.5,,S
528,0,1,Batatais,male,,0,0,PC 17483,2.217.792,C95,S
529,0,3,Euclides da Cunha,male,39,0,0,3101296,7.925,,S
530,0,2,Limoeiro do Norte,male,23,2,1,29104,11.5,,S
531,1,2,Irati,female,2,1,1,26360,26,,S
532,0,3,Santana do Araguaia,male,,0,0,2641,72.292,,C
533,0,3,Cidade Ocidental,male,17,1,1,2690,72.292,,C
534,1,3,Tauá,female,,0,2,2668,223.583,,C
535,0,3,Rio Bonito,female,30,0,0,315084,86.625,,S
536,1,2,Monte Alegre,female,7,0,2,F.C.C. 13529,26.25,,S
537,0,1,Limoeiro,male,45,0,0,113050,26.55,B38,S
538,1,1,Andradina,female,30,0,0,PC 17761,106.425,,C
539,0,3,Guarabira,male,,0,0,364498,14.5,,S
540,1,1,Barbalha,female,22,0,2,13568,49.5,B39,C
541,1,1,Horizonte,female,36,0,2,WE/P 5735,71,B22,S
542,0,3,Viçosa do Ceará,female,9,4,2,347082,31.275,,S
543,0,3,Barreirinhas,female,11,4,2,347082,31.275,,S
544,1,2,Indaial,male,32,1,0,2908,26,,S
545,0,1,Taquara,male,50,1,0,PC 17761,106.425,C86,C
546,0,1,São Miguel Dos Campos,male,64,0,0,693,26,,S
547,1,2,Cachoeiras de Macacu,female,19,1,0,2908,26,,S
548,1,2,Registro,male,,0,0,SC/PARIS 2146,138.625,,C
549,0,3,Mariana,male,33,1,1,363291,20.525,,S
550,1,2,Taquaritinga,male,8,1,1,C.A. 33112,36.75,,S
551,1,1,Três Pontas,male,17,0,2,17421,1.108.833,C70,C
552,0,2,São Francisco,male,27,0,0,244358,26,,S
553,0,3,Timbaúba,male,,0,0,330979,78.292,,Q
554,1,3,Mirassol,male,22,0,0,2620,7.225,,C
555,1,3,Acará,female,22,0,0,347085,7.775,,S
556,0,1,Frutal,male,62,0,0,113807,26.55,,S
557,1,1,Pirapora,female,48,1,0,11755,39.6,A16,C
558,0,1,Canguçu,male,,0,0,PC 17757,227.525,,C
559,1,1,São Bento do Una,female,39,1,1,110413,79.65,E67,S
560,1,3,Açu,female,36,1,0,345572,17.4,,S
561,0,3,Ibitinga,male,,0,0,372622,7.75,,Q
562,0,3,Mineiros,male,40,0,0,349251,78.958,,S
563,0,2,Mafra,male,28,0,0,218629,13.5,,S
564,0,3,Tutóia,male,,0,0,SOTON/OQ 392082,8.05,,S
565,0,3,Canoinhas,female,,0,0,SOTON/O.Q. 392087,8.05,,S
566,0,3,União da Vitória,male,24,2,0,A/4 48871,24.15,,S
567,0,3,Granja,male,19,0,0,349205,78.958,,S
568,0,3,Alenquer,female,29,0,4,349909,21.075,,S
569,0,3,Lagoa Santa,male,,0,0,2686,72.292,,C
570,1,3,Boa Viagem,male,32,0,0,350417,78.542,,S
571,1,2,Breu Branco,male,62,0,0,S.W./PP 752,10.5,,S
572,1,1,Tucano,female,53,2,0,11769,514.792,C101,S
573,1,1,Monte Santo,male,36,0,0,PC 17474,263.875,E25,S
574,1,3,Tabatinga,female,,0,0,14312,7.75,,Q
575,0,3,Maués,male,16,0,0,A/4. 20589,8.05,,S
576,0,3,Portel,male,19,0,0,358585,14.5,,S
577,1,2,Piedade,female,34,0,0,243880,13,,S
578,1,1,Coruripe,female,39,1,0,13507,55.9,E44,S
579,0,3,Buíque,female,,1,0,2689,144.583,,C
580,1,3,Primavera do Leste,male,32,0,0,STON/O 2. 3101286,7.925,,S
581,1,2,Jaru,female,25,1,1,237789,30,,S
582,1,1,São José do Rio Pardo,female,39,1,1,17421,1.108.833,C68,C
583,0,2,Capitão Poço,male,54,0,0,28403,26,,S
584,0,1,Benevides,male,36,0,0,13049,40.125,A10,C
585,0,3,Araci,male,,0,0,3411,87.125,,C
586,1,1,São Miguel do Guamá,female,18,0,2,110413,79.65,E68,S
587,0,2,Laguna,male,47,0,0,237565,15,,S
588,1,1,Campo Belo,male,60,1,1,13567,79.2,B41,C
589,0,3,Parobé,male,22,0,0,14973,8.05,,S
590,0,3,Guapimirim,male,,0,0,A./5. 3235,8.05,,S
591,0,3,Trairi,male,35,0,0,STON/O 2. 3101273,7.125,,S
592,1,1,Porto Ferreira,female,52,1,0,36947,782.667,D20,C
593,0,3,Jacundá,male,47,0,0,A/5 3902,7.25,,S
594,0,3,Paudalho,female,,0,2,364848,7.75,,Q
595,0,2,Dom Eliseu,male,37,1,0,SC/AH 29037,26,,S
596,0,3,Ipixuna do Pará,male,36,1,1,345773,24.15,,S
597,1,2,Nova Odessa,female,,0,0,248727,33,,S
598,0,3,Itupiranga,male,49,0,0,LINE,0,,S
599,0,3,Acopiara,male,,0,0,2664,7.225,,C
600,1,1,Leopoldina,male,49,1,0,PC 17485,569.292,A20,C
601,1,2,Catu,female,24,2,1,243847,27,,S
602,0,3,Jaguaquara,male,,0,0,349214,78.958,,S
603,0,1,Campo Alegre,male,,0,0,113796,42.4,,S
604,0,3,Rolim de Moura,male,44,0,0,364511,8.05,,S
605,1,1,Santa Isabel,male,35,0,0,111426,26.55,,C
606,0,3,zé Doca,male,36,1,0,349910,15.55,,S
607,0,3,Sapé,male,30,0,0,349246,78.958,,S
608,1,1,Olímpia,male,27,0,0,113804,30.5,,S
609,1,2,Viana,female,22,1,2,SC/Paris 2123,415.792,,C
610,1,1,Guaxupé,female,40,0,0,PC 17582,1.534.625,C125,S
611,0,3,Vargem Grande,female,39,1,5,347082,31.275,,S
612,0,3,Óbidos,male,,0,0,SOTON/O.Q. 3101305,7.05,,S
613,1,3,Barra,female,,1,0,367230,15.5,,Q
614,0,3,Beberibe,male,,0,0,370377,7.75,,Q
615,0,3,Alta Floresta,male,35,0,0,364512,8.05,,S
616,1,2,Porto Nacional,female,24,1,2,220845,65,,S
617,0,3,Santiago,male,34,1,1,347080,14.4,,S
618,0,3,Monte Mor,female,26,1,0,A/5. 3336,16.1,,S
619,1,2,Porto Feliz,female,4,2,1,230136,39,F4,S
620,0,2,Prudentópolis,male,26,0,0,31028,10.5,,S
621,0,3,Capivari,male,27,1,0,2659,144.542,,C
622,1,1,Congonhas,male,42,1,0,11753,525.542,D19,S
623,1,3,Itapagé,male,20,1,1,2653,157.417,,C
624,0,3,Boituva,male,21,0,0,350029,78.542,,S
625,0,3,Inhumas,male,21,0,0,54636,16.1,,S
626,0,1,Ibiporã,male,61,0,0,36963,323.208,D50,S
627,0,2,Delmiro Gouveia,male,57,0,0,219533,12.35,,Q
628,1,1,Tobias Barreto,female,21,0,0,13502,779.583,D9,S
629,0,3,Itararé,male,26,0,0,349224,78.958,,S
630,0,3,Vigia,male,,0,0,334912,77.333,,Q
631,1,1,Santo Estêvão,male,80,0,0,27042,30,A23,S
632,0,3,Campos do Jordão,male,51,0,0,347743,70.542,,S
633,1,1,Bertioga,male,32,0,0,13214,30.5,B50,C
634,0,1,Ribeira do Pombal,male,,0,0,112052,0,,S
635,0,3,Caetité,female,9,3,2,347088,27.9,,S
636,1,2,Videira,female,28,0,0,237668,13,,S
637,0,3,Paracambi,male,32,0,0,STON/O 2. 3101292,7.925,,S
638,0,2,Juruti,male,31,1,1,C.A. 31921,26.25,,S
639,0,3,Macaúbas,female,41,0,5,3101295,396.875,,S
640,0,3,Manicoré,male,,1,0,376564,16.1,,S
641,0,3,Jales,male,20,0,0,350050,78.542,,S
642,1,1,Rondon do Pará,female,24,0,0,PC 17477,69.3,B35,C
643,0,3,Cornélio Procópio,female,2,3,2,347088,27.9,,S
644,1,3,Marechal Cândido Rondon,male,,0,0,1601,564.958,,S
645,1,3,Coelho Neto,female,0.75,2,1,2666,192.583,,C
646,1,1,Bocaiúva,male,48,1,0,PC 17572,767.292,D33,C
647,0,3,Monte Alto,male,19,0,0,349231,78.958,,S
648,1,1,Cristalina,male,56,0,0,13213,35.5,A26,C
649,0,3,São Joaquim da Barra,male,,0,0,S.O./P.P. 751,7.55,,S
650,1,3,Naviraí,female,23,0,0,CA. 2314,7.55,,S
651,0,3,Mongaguá,male,,0,0,349221,78.958,,S
652,1,2,Santos Dumont,female,18,0,1,231919,23,,S
653,0,3,Capão Bonito,male,21,0,0,8475,84.333,,S
654,1,3,Lago da Pedra,female,,0,0,330919,78.292,,Q
655,0,3,Eusébio,female,18,0,0,365226,6.75,,Q
656,0,2,Nova Venécia,male,24,2,0,S.O.C. 14879,73.5,,S
657,0,3,Lagoa da Prata,male,,0,0,349223,78.958,,S
658,0,3,Marechal Deodoro,female,32,1,1,364849,15.5,,Q
659,0,2,Diamantina,male,23,0,0,29751,13,,S
660,0,1,Itapema,male,58,0,2,35273,113.275,D48,C
661,1,1,Monte Carmelo,male,50,2,0,PC 17611,133.65,,S
662,0,3,Bom Despacho,male,40,0,0,2623,7.225,,C
663,0,1,Aquidauana,male,47,0,0,5727,255.875,E58,S
664,0,3,Nova Andradina,male,36,0,0,349210,74.958,,S
665,1,3,Conceição do Araguaia,male,20,1,0,STON/O 2. 3101285,7.925,,S
666,0,2,Lucas do Rio Verde,male,32,2,0,S.O.C. 14879,73.5,,S
667,0,2,Xique-xique,male,25,0,0,234686,13,,S
668,0,3,Bom Conselho,male,,0,0,312993,7.775,,S
669,0,3,Itabirito,male,43,0,0,A/5 3536,8.05,,S
670,1,1,João Pinheiro,female,,1,0,19996,52,C126,S
671,1,2,Brejo Santo,female,40,1,1,29750,39,,S
672,0,1,Brejo da Madre de Deus,male,31,1,0,F.C. 12750,52,B71,S
673,0,2,Campo Maior,male,70,0,0,C.A. 24580,10.5,,S
674,1,2,Santana do Ipanema,male,31,0,0,244270,13,,S
675,0,2,Lapa,male,,0,0,239856,0,,S
676,0,3,Itupeva,male,18,0,0,349912,7.775,,S
677,0,3,Barras,male,24.5,0,0,342826,8.05,,S
678,1,3,Uruará,female,18,0,0,4138,98.417,,S
679,0,3,Presidente Dutra,female,43,1,6,CA 2144,46.9,,S
680,1,1,Poções,male,36,0,1,PC 17755,5.123.292,B51 B53 B55,C
681,0,3,Ribeirão,female,,0,0,330935,81.375,,Q
682,1,1,Paraíso do Tocantins,male,27,0,0,PC 17572,767.292,D49,C
683,0,3,Ipiaú,male,20,0,0,6563,9.225,,S
684,0,3,Atalaia,male,14,5,2,CA 2144,46.9,,S
685,0,2,Jaguariúna,male,60,1,1,29750,39,,S
686,0,2,Mauriti,male,25,1,2,SC/Paris 2123,415.792,,C
687,0,3,Humaitá,male,14,4,1,3101295,396.875,,S
688,0,3,São Benedito,male,19,0,0,349228,101.708,,S
689,0,3,Artur Nogueira,male,18,0,0,350036,77.958,,S
690,1,1,Xanxerê,female,15,0,1,24160,2.113.375,B5,S
691,1,1,Rio Grande da Serra,male,31,1,0,17474,57,B20,S
692,1,3,Santa Cruz do Rio Pardo,female,4,0,1,349256,134.167,,C
693,1,3,São Gonçalo do Amarante,male,,0,0,1601,564.958,,S
694,0,3,Ulianópolis,male,25,0,0,2672,7.225,,C
695,0,1,Dracena,male,60,0,0,113800,26.55,,S
696,0,2,Mairinque,male,52,0,0,248731,13.5,,S
697,0,3,Quirinópolis,male,44,0,0,363592,8.05,,S
698,1,3,Garça,female,,0,0,35852,77.333,,Q
699,0,1,São Lourenço do Sul,male,49,1,1,17421,1.108.833,C68,C
700,0,3,Vargem Grande Paulista,male,42,0,0,348121,7.65,F G63,S
701,1,1,Palmas,female,18,1,0,PC 17757,227.525,C62 C64,C
702,1,1,Maragogipe,male,35,0,0,PC 17475,262.875,E24,S
703,0,3,Santa Quitéria,female,18,0,1,2691,144.542,,C
704,0,3,Santo Antônio da Platina,male,25,0,0,36864,77.417,,Q
705,0,3,Livramento de Nossa Senhora,male,26,1,0,350025,78.542,,S
706,0,2,Mombaça,male,39,0,0,250655,26,,S
707,1,2,União,female,45,0,0,223596,13.5,,S
708,1,1,Currais Novos,male,42,0,0,PC 17476,262.875,E24,S
709,1,1,Estância Velha,female,22,0,0,113781,151.55,,S
710,1,3,São Francisco do Sul,male,,1,1,2661,152.458,,C
711,1,1,Araioses,female,24,0,0,PC 17482,495.042,C90,C
712,0,1,Niquelândia,male,,0,0,113028,26.55,C124,S
713,1,1,Porangatu,male,48,1,0,19996,52,C126,S
714,0,3,Mamanguape,male,29,0,0,7545,94.833,,S
715,0,2,Paraguaçu Paulista,male,52,0,0,250647,13,,S
716,0,3,São Sebastião do Passé,male,19,0,0,348124,7.65,F G73,S
717,1,1,Sidrolândia,female,38,0,0,PC 17757,227.525,C45,C
718,1,2,Capão da Canoa,female,27,0,0,34218,10.5,E101,S
719,0,3,Espírito Santo do Pinhal,male,,0,0,36568,15.5,,Q
720,0,3,Pedra Branca,male,33,0,0,347062,7.775,,S
721,1,2,Jaraguá,female,6,0,1,248727,33,,S
722,0,3,Medianeira,male,17,1,0,350048,70.542,,S
723,0,2,Seabra,male,34,0,0,12233,13,,S
724,0,2,São Lourenço,male,50,0,0,250643,13,,S
725,1,1,Guajará-mirim,male,27,1,0,113806,53.1,E8,S
726,0,3,Cabreúva,male,20,0,0,315094,86.625,,S
727,1,2,Tramandaí,female,30,3,0,31027,21,,S
728,1,3,Pedreira,female,,0,0,36866,77.375,,Q
729,0,2,Pederneiras,male,25,1,0,236853,26,,S
730,0,3,Morrinhos,female,25,1,0,STON/O2. 3101271,7.925,,S
731,1,1,Pontes e Lacerda,female,29,0,0,24160,2.113.375,B5,S
732,0,3,São Francisco de Itabapoana,male,11,0,0,2699,187.875,,C
733,0,2,Presidente Epitácio,male,,0,0,239855,0,,S
734,0,2,São Mateus do Sul,male,23,0,0,28425,13,,S
735,0,2,Teotônio Vilela,male,23,0,0,233639,13,,S
736,0,3,Paraíba do Sul,male,28.5,0,0,54636,16.1,,S
737,0,3,Queimadas,female,48,1,3,W./C. 6608,34.375,,S
738,1,1,Tremembé,male,35,0,0,PC 17755,5.123.292,B101,C
739,0,3,Osório,male,,0,0,349201,78.958,,S
740,0,3,Nanuque,male,,0,0,349218,78.958,,S
741,1,1,Iranduba,male,,0,0,16988,30,D45,S
742,0,1,Caeté,male,36,1,0,19877,78.85,C46,S
743,1,1,São Bento,female,21,2,2,PC 17608,262.375,B57 B59 B63 B66,C
744,0,3,Barreiros,male,24,1,0,376566,16.1,,S
745,1,3,Barra de São Francisco,male,31,0,0,STON/O 2. 3101288,7.925,,S
746,0,1,Santo Antônio de Pádua,male,70,1,1,WE/P 5735,71,B22,S
747,0,3,Xinguara,male,16,1,1,C.A. 2673,20.25,,S
748,1,2,Augusto Corrêa,female,30,0,0,250648,13,,S
749,0,1,Santa Maria da Vitória,male,19,1,0,113773,53.1,D30,S
750,0,3,Ipu,male,31,0,0,335097,7.75,,Q
751,1,2,Sirinhaém,female,4,1,1,29103,23,,S
752,1,3,Pontal,male,6,0,1,392096,12.475,E121,S
753,0,3,Águas Belas,male,33,0,0,345780,9.5,,S
754,0,3,Paranaíba,male,23,0,0,349204,78.958,,S
755,1,2,Mata de São João,female,48,1,2,220845,65,,S
756,1,2,Imbituba,male,0.67,1,1,250649,14.5,,S
757,0,3,Salto de Pirapora,male,28,0,0,350042,77.958,,S
758,0,2,Rurópolis,male,18,0,0,29108,11.5,,S
759,0,3,Itápolis,male,34,0,0,363294,8.05,,S
760,1,1,Pacajá,female,33,0,0,110152,86.5,B77,S
761,0,3,Laranjal do Jari,male,,0,0,358585,14.5,,S
762,0,3,Entre Rios,male,41,0,0,SOTON/O2 3101272,7.125,,S
763,1,3,Rio Negrinho,male,20,0,0,2663,72.292,,C
764,1,1,Orlândia,female,36,1,2,113760,120,B96 B98,S
765,0,3,São José de Mipibu,male,16,0,0,347074,7.775,,S
766,1,1,Rosário do Sul,female,51,1,0,13502,779.583,D11,S
767,0,1,Santo Antônio da Patrulha,male,,0,0,112379,39.6,,C
768,0,3,Cerquilho,female,30.5,0,0,364850,7.75,,Q
769,0,3,Rosário,male,,1,0,371110,24.15,,Q
770,0,3,Oliveira,male,32,0,0,8471,83.625,,S
771,0,3,Pedreiras,male,24,0,0,345781,9.5,,S
772,0,3,Santa Maria da Boa Vista,male,48,0,0,350047,78.542,,S
773,0,2,Vargem Grande do Sul,female,57,0,0,S.O./P.P. 3,10.5,E77,S
774,0,3,Juína,male,,0,0,2674,7.225,,C
775,1,2,Amontada,female,54,1,3,29105,23,,S
776,0,3,Canela,male,18,0,0,347078,7.75,,S
777,0,3,Tuntum,male,,0,0,383121,7.75,F38,Q
778,1,3,Salinas,female,5,0,0,364516,12.475,,S
779,0,3,Colinas,male,,0,0,36865,77.375,,Q
780,1,1,Jacarezinho,female,43,0,1,24160,2.113.375,B3,S
781,1,3,Santa Helena,female,13,0,0,2687,72.292,,C
782,1,1,São Mateus do Maranhão,female,17,1,0,17474,57,B20,S
783,0,1,Bom Jardim,male,29,0,0,113501,30,D6,S
784,0,3,Remanso,male,,1,2,W./C. 6607,23.45,,S
785,0,3,Itabaianinha,male,25,0,0,SOTON/O.Q. 3101312,7.05,,S
786,0,3,Dom Pedrito,male,25,0,0,374887,7.25,,S
787,1,3,Serrana,female,18,0,0,3101265,74.958,,S
788,0,3,Altos,male,8,4,1,382652,29.125,,Q
789,1,3,Almenara,male,1,1,2,C.A. 2315,20.575,,S
790,0,1,Campina Grande do Sul,male,46,0,0,PC 17593,79.2,B82 B84,C
791,0,3,Simão Dias,male,,0,0,12460,7.75,,Q
792,0,2,Ituverava,male,16,0,0,239865,26,,S
793,0,3,Machado,female,,8,2,CA. 2343,69.55,,S
794,0,1,Nova Viçosa,male,,0,0,PC 17600,306.958,,C
795,0,3,Boa Esperança,male,25,0,0,349203,78.958,,S
796,0,2,Várzea Alegre,male,39,0,0,28213,13,,S
797,1,1,São Manuel,female,49,0,0,17465,259.292,D17,S
798,1,3,Itaqui,female,31,0,0,349244,86.833,,S
799,0,3,Panambi,male,30,0,0,2685,72.292,,C
800,0,3,Sena Madureira,female,30,1,1,345773,24.15,,S
801,0,2,Visconde do Rio Branco,male,34,0,0,250647,13,,S
802,1,2,Amarante do Maranhão,female,31,1,1,C.A. 31921,26.25,,S
803,1,1,Ouro Preto do Oeste,male,11,1,2,113760,120,B96 B98,S
804,1,3,Presidente Venceslau,male,0.42,0,1,2625,85.167,,C
805,1,3,São Gabriel da Cachoeira,male,27,0,0,347089,6.975,,S
806,0,3,Ipueiras,male,31,0,0,347063,7.775,,S
807,0,1,Bom Jardim,male,39,0,0,112050,0,A36,S
808,0,3,Catende,female,18,0,0,347087,7.775,,S
809,0,2,Guaraciaba do Norte,male,39,0,0,248723,13,,S
810,1,1,Esperantina,female,33,1,0,113806,53.1,E8,S
811,0,3,Santa Rita do Sapucaí,male,26,0,0,3474,78.875,,S
812,0,3,Curitibanos,male,39,0,0,A/4 48871,24.15,,S
813,0,2,Lábrea,male,35,0,0,28206,10.5,,S
814,0,3,Jeremoabo,female,6,4,2,347082,31.275,,S
815,0,3,Jardinópolis,male,30.5,0,0,364499,8.05,,S
816,0,1,Porteirinha,male,,0,0,112058,0,B102,S
817,0,3,Rio Pardo,female,23,0,0,STON/O2. 3101290,7.925,,S
818,0,2,Vera Cruz,male,31,1,1,S.C./PARIS 2079,370.042,,C
819,0,3,Bonito,male,43,0,0,C 7075,6.45,,S
820,0,3,São Fidélis,male,10,3,2,347088,27.9,,S
821,1,1,Parati,female,52,1,1,12749,93.5,B69,S
822,1,3,Pedro ii,male,27,0,0,315098,86.625,,S
823,0,1,Itarema,male,38,0,0,19972,0,,S
824,1,3,Sento sé,female,27,0,1,392096,12.475,E121,S
825,0,3,Salinópolis,male,2,4,1,3101295,396.875,,S
826,0,3,Aliança,male,,0,0,368323,6.95,,Q
827,0,3,Maracaju,male,,0,0,1601,564.958,,S
828,1,2,Guaíra,male,1,0,2,S.C./PARIS 2079,370.042,,C
829,1,3,Andradas,male,,0,0,367228,7.75,,Q
830,1,1,Rio Real,female,62,0,0,113572,80,B28,
831,1,3,Louveira,female,15,1,0,2659,144.542,,C
832,1,2,José de Freitas,male,0.83,1,1,29106,18.75,,S
833,0,3,Uruaçu,male,,0,0,2671,72.292,,C
834,0,3,Baião,male,23,0,0,347468,78.542,,S
835,0,3,Tietê,male,18,0,0,2223,8.3,,S
836,1,1,Timbó,female,39,1,1,PC 17756,831.583,E49,C
837,0,3,Socorro,male,21,0,0,315097,86.625,,S
838,0,3,Lajedo,male,,0,0,392092,8.05,,S
839,1,3,Girau do Ponciano,male,32,0,0,1601,564.958,,S
840,1,1,Arcos,male,,0,0,11774,29.7,C47,C
841,0,3,Novo Horizonte,male,20,0,0,SOTON/O2 3101287,7.925,,S
842,0,2,Santa Helena de Goiás,male,16,0,0,S.O./P.P. 3,10.5,,S
843,1,1,Mangaratiba,female,30,0,0,113798,31,,C
844,0,3,Marau,male,34.5,0,0,2683,64.375,,C
845,0,3,Inhambupe,male,17,0,0,315090,86.625,,S
846,0,3,São Miguel do Oeste,male,42,0,0,C.A. 5547,7.55,,S
847,0,3,Dois Vizinhos,male,,8,2,CA. 2343,69.55,,S
848,0,3,Itiúba,male,35,0,0,349213,78.958,,C
849,0,2,Mucuri,male,28,0,1,248727,33,,S
850,1,1,Araçuaí,female,,1,0,17453,891.042,C92,C
851,0,3,Paiçandu,male,4,4,2,347082,31.275,,S
852,0,3,Igarapé-açu,male,74,0,0,347060,7.775,,S
853,0,3,Estreito,female,9,1,1,2678,152.458,,C
854,1,1,Itaitinga,female,16,0,1,PC 17592,39.4,D28,S
855,0,2,Várzea da Palma,female,44,1,0,244252,26,,S
856,1,3,Santa Cruz,female,18,0,1,392091,9.35,,S
857,1,1,Promissão,female,45,1,1,36928,1.648.667,,S
858,1,1,Oeiras,male,51,0,0,113055,26.55,E17,S
859,1,3,Tarauacá,female,24,0,3,2666,192.583,,C
860,0,3,Toritama,male,,0,0,2629,72.292,,C
861,0,3,Nova Cruz,male,41,2,0,350026,141.083,,S
862,0,2,Guariba,male,21,1,0,28134,11.5,,S
863,1,1,Bom Jesus do Itabapoana,female,48,0,0,17466,259.292,D17,S
864,0,3,Pentecoste,female,,8,2,CA. 2343,69.55,,S
865,0,2,Itambé,male,24,0,0,233866,13,,S
866,1,2,Itaberaí,female,42,0,0,236852,13,,S
867,1,2,Casimiro de Abreu,female,27,1,0,SC/PARIS 2149,138.583,,C
868,0,1,Charqueadas,male,31,0,0,PC 17590,504.958,A24,S
869,0,3,Pitangueiras,male,,0,0,345777,9.5,,S
870,1,3,São Caitano,male,4,1,1,347742,111.333,,S
871,0,3,Ouro Branco,male,26,0,0,349248,78.958,,S
872,1,1,Barra Bonita,female,47,1,1,11751,525.542,D35,S
873,0,1,Massapê,male,33,0,0,695,5,B51 B53 B55,S
874,0,3,Camamu,male,47,0,0,345765,9,,S
875,1,2,Guaramirim,female,28,1,0,P/PP 3381,24,,C
876,1,3,Morro do Chapéu,female,15,0,0,2667,7.225,,C
877,0,3,Bodocó,male,20,0,0,7534,98.458,,S
878,0,3,Afogados da Ingazeira,male,19,0,0,349212,78.958,,S
879,0,3,Afuá,male,,0,0,349217,78.958,,S
880,1,1,Aparecida,female,56,0,1,11767,831.583,C50,C
881,1,2,Borba,female,25,0,1,230433,26,,S
882,0,3,Igarapé,male,33,0,0,349257,78.958,,S
883,0,3,Capelinha,female,22,0,0,7552,105.167,,S
884,0,2,Barra do Choça,male,28,0,0,C.A./SOTON 34068,10.5,,S
885,0,3,Apodi,male,25,0,0,SOTON/OQ 392076,7.05,,S
886,0,3,Castelo,female,39,0,5,382652,29.125,,Q
887,0,2,Amambaí,male,27,0,0,211536,13,,S
888,1,1,Torres,female,19,0,0,112053,30,B42,S
889,0,3,Parnarama,female,,1,2,W./C. 6607,23.45,,S
890,1,1,São Luiz Gonzaga,male,26,0,0,111369,30,C148,C
891,0,3,Dooley Mr. Patrick,male,32,0,0,370376,7.75,,Q
